folio,timestamp,carrera,nivel_confinamiento_covid,diagnostico_covid,esquema_vacunacion,afectacion_familiar_likert,dificultad_clases_virtuales_likert,modalidad_preferida,retos_educacion_virtual,habilidades_desarrolladas,satisfaccion_presencial_likert,horas_sueno_diarias,actividad_fisica_semanal,estres_entregas_likert,zona_residencia_merida,tiempo_traslado_campus
UPY-2026-002,30/9/2026 19:03:41,Estudiante Ing. en Datos,Secundaria,Sí con síntomas evidentes sin prueba,Esquema completo con refuerzo(s),3,4,100% Presencial en laboratorio,Conexión a internet inestable / fallas eléctricas,"Manejo de plataformas en la nube, Autodidactismo / tutoriales en línea",3,Menos de 5 horas,5 o más días a la semana,4,Mérida Centro,Menos de 30 minutos
UPY-2026-004,1/10/2026 18:39:26,Estudiante Sistemas Embebidos,Preparatoria / Bachillerato,No me contagié,Esquema completo con refuerzo(s),2,4,Modelo híbrido / mixto,"Conexión a internet inestable / fallas eléctricas, Distracciones y ruido en casa","Trabajo colaborativo en remoto, Programación / software especializado, Autodidactismo / tutoriales en línea",4,Menos de 5 horas,0 días / Sedentario,5,Mérida Centro,30 a 60 minutos
UPY-2026-006,1/10/2026 18:39:28,Estudiante Ciberseguridad,Universidad / Licenciatura,No me contagié,Esquema completo sin refuerzo,4,3,Modelo híbrido / mixto,"Falta de computadora o equipo óptimo, Conexión a internet inestable / fallas eléctricas","Programación / software especializado, Trabajo colaborativo en remoto",5,5 a 6 horas,1 a 2 días,2,Mérida Poniente,Menos de 30 minutos
UPY-2026-008,1/10/2026 18:39:30,Estudiante Ing. en Datos,Preparatoria / Bachillerato,Sí con síntomas evidentes sin prueba,Esquema completo con refuerzo(s),5,3,100% Presencial en laboratorio,Conexión a internet inestable / fallas eléctricas,"Programación / software especializado, Autodidactismo / tutoriales en línea",4,7 a 8 horas,1 a 2 días,5,Mérida Oriente,30 a 60 minutos
UPY-2026-010,1/10/2026 18:39:32,Estudiante Ciberseguridad,Ya laboraba,Sí confirmado con prueba,Esquema completo sin refuerzo,4,3,Modelo híbrido / mixto,Conexión a internet inestable / fallas eléctricas,"Autodidactismo / tutoriales en línea, Manejo de plataformas en la nube, Programación / software especializado",4,5 a 6 horas,1 a 2 días,3,Municipio conurbado / Interior del estado,30 a 60 minutos
UPY-2026-012,1/10/2026 18:39:33,Estudiante Ciberseguridad,Preparatoria / Bachillerato,Sí confirmado con prueba,Esquema completo con refuerzo(s),3,3,Modelo híbrido / mixto,Cansancio visual / exceso de pantalla,"Manejo de plataformas en la nube, Trabajo colaborativo en remoto",4,Menos de 5 horas,3 a 4 días,5,Mérida Poniente,Menos de 30 minutos
UPY-2026-014,1/10/2026 18:39:50,Estudiante Robótica,Preparatoria / Bachillerato,Sí con síntomas evidentes sin prueba,Esquema completo con refuerzo(s),3,2,Modelo híbrido / mixto,Cansancio visual / exceso de pantalla,Trabajo colaborativo en remoto,4,Menos de 5 horas,0 días / Sedentario,4,Municipio conurbado / Interior del estado,30 a 60 minutos
UPY-2026-016,1/10/2026 18:39:51,Estudiante Ciberseguridad,Universidad / Licenciatura,Sí confirmado con prueba,Esquema completo con refuerzo(s),5,3,Modelo híbrido / mixto,"Distracciones y ruido en casa, Conexión a internet inestable / fallas eléctricas","Manejo de plataformas en la nube, Trabajo colaborativo en remoto",4,5 a 6 horas,1 a 2 días,3,Mérida Norte,1 a 2 horas
UPY-2026-018,1/10/2026 18:39:53,Estudiante Ciberseguridad,Ya laboraba,No estoy seguro / Asintomático,Esquema completo con refuerzo(s),4,5,100% Presencial en laboratorio,"Conexión a internet inestable / fallas eléctricas, Distracciones y ruido en casa","Autodidactismo / tutoriales en línea, Trabajo colaborativo en remoto",5,5 a 6 horas,0 días / Sedentario,3,Mérida Centro,30 a 60 minutos
UPY-2026-020,1/10/2026 18:39:55,Estudiante Ing. en Datos,Secundaria,No me contagié,Esquema completo con refuerzo(s),2,3,100% Presencial en laboratorio,Falta de computadora o equipo óptimo,"Programación / software especializado, Autodidactismo / tutoriales en línea",4,5 a 6 horas,1 a 2 días,4,Mérida Poniente,30 a 60 minutos
UPY-2026-022,1/10/2026 18:39:56,Estudiante Robótica,Preparatoria / Bachillerato,No estoy seguro / Asintomático,Esquema completo con refuerzo(s),3,3,100% Presencial en laboratorio,"Falta de computadora o equipo óptimo, Cansancio visual / exceso de pantalla",Programación / software especializado,4,7 a 8 horas,0 días / Sedentario,3,Mérida Oriente,1 a 2 horas
UPY-2026-024,1/10/2026 18:39:58,Estudiante Ing. en Datos,Preparatoria / Bachillerato,Sí con síntomas evidentes sin prueba,Esquema completo con refuerzo(s),5,1,Modelo híbrido / mixto,"Falta de computadora o equipo óptimo, Conexión a internet inestable / fallas eléctricas",Programación / software especializado,4,5 a 6 horas,5 o más días a la semana,4,Mérida Oriente,30 a 60 minutos
UPY-2026-026,1/10/2026 18:39:59,Estudiante Sistemas Embebidos,Universidad / Licenciatura,Sí con síntomas evidentes sin prueba,Esquema completo con refuerzo(s),4,4,Modelo híbrido / mixto,"Conexión a internet inestable / fallas eléctricas, Falta de computadora o equipo óptimo","Autodidactismo / tutoriales en línea, Programación / software especializado",3,5 a 6 horas,0 días / Sedentario,5,Mérida Norte,30 a 60 minutos
UPY-2026-028,1/10/2026 18:40:01,Estudiante Sistemas Embebidos,Preparatoria / Bachillerato,No me contagié,Esquema completo con refuerzo(s),5,3,100% Remoto / en línea,Cansancio visual / exceso de pantalla,"Programación / software especializado, Trabajo colaborativo en remoto, Manejo de plataformas en la nube",4,Más de 8 horas,0 días / Sedentario,5,Mérida Poniente,30 a 60 minutos
UPY-2026-030,1/10/2026 18:40:03,Estudiante Ciberseguridad,Secundaria,Sí con síntomas evidentes sin prueba,Esquema completo con refuerzo(s),4,2,Modelo híbrido / mixto,"Conexión a internet inestable / fallas eléctricas, Distracciones y ruido en casa","Autodidactismo / tutoriales en línea, Programación / software especializado",4,7 a 8 horas,1 a 2 días,4,Mérida Centro,1 a 2 horas
UPY-2026-032,1/10/2026 18:40:04,Estudiante Ciberseguridad,Preparatoria / Bachillerato,No me contagié,Esquema completo sin refuerzo,4,3,100% Presencial en laboratorio,"Falta de computadora o equipo óptimo, Conexión a internet inestable / fallas eléctricas","Manejo de plataformas en la nube, Trabajo colaborativo en remoto",4,5 a 6 horas,0 días / Sedentario,5,Mérida Poniente,Menos de 30 minutos
UPY-2026-034,1/10/2026 18:40:06,Estudiante Ing. en Datos,Secundaria,No me contagié,Esquema completo sin refuerzo,3,1,Modelo híbrido / mixto,Falta de computadora o equipo óptimo,Programación / software especializado,4,7 a 8 horas,0 días / Sedentario,5,Mérida Norte,30 a 60 minutos
UPY-2026-036,1/10/2026 18:40:07,Estudiante Ing. en Datos,Preparatoria / Bachillerato,Sí confirmado con prueba,Esquema completo con refuerzo(s),5,1,100% Presencial en laboratorio,Conexión a internet inestable / fallas eléctricas,Ninguna,5,7 a 8 horas,3 a 4 días,5,Mérida Centro,1 a 2 horas
UPY-2026-038,1/10/2026 18:40:09,Estudiante Robótica,Universidad / Licenciatura,Sí con síntomas evidentes sin prueba,Esquema completo con refuerzo(s),3,5,100% Presencial en laboratorio,Cansancio visual / exceso de pantalla,"Autodidactismo / tutoriales en línea, Programación / software especializado, Manejo de plataformas en la nube",5,7 a 8 horas,3 a 4 días,3,Mérida Sur,30 a 60 minutos
UPY-2026-040,1/10/2026 18:40:10,Estudiante Ing. en Datos,Preparatoria / Bachillerato,Sí con síntomas evidentes sin prueba,Esquema completo sin refuerzo,2,2,100% Remoto / en línea,Cansancio visual / exceso de pantalla,"Trabajo colaborativo en remoto, Manejo de plataformas en la nube",3,Más de 8 horas,1 a 2 días,4,Mérida Norte,1 a 2 horas
UPY-2026-042,1/10/2026 18:40:12,Estudiante Robótica,Preparatoria / Bachillerato,No me contagié,Esquema completo con refuerzo(s),5,3,100% Remoto / en línea,Distracciones y ruido en casa,"Autodidactismo / tutoriales en línea, Trabajo colaborativo en remoto",4,5 a 6 horas,1 a 2 días,2,Mérida Norte,30 a 60 minutos
UPY-2026-044,1/10/2026 18:40:14,Estudiante Ciberseguridad,Universidad / Licenciatura,Sí confirmado con prueba,Esquema completo sin refuerzo,5,1,100% Presencial en laboratorio,Distracciones y ruido en casa,Manejo de plataformas en la nube,4,7 a 8 horas,3 a 4 días,3,Mérida Norte,1 a 2 horas
UPY-2026-046,1/10/2026 18:40:15,Estudiante Ciberseguridad,Preparatoria / Bachillerato,Sí confirmado con prueba,Esquema completo con refuerzo(s),4,4,Modelo híbrido / mixto,"Falta de computadora o equipo óptimo, Distracciones y ruido en casa, Cansancio visual / exceso de pantalla",Autodidactismo / tutoriales en línea,5,5 a 6 horas,1 a 2 días,1,Mérida Centro,1 a 2 horas
UPY-2026-048,1/10/2026 18:40:17,Estudiante Ciberseguridad,Universidad / Licenciatura,Sí con síntomas evidentes sin prueba,Esquema completo con refuerzo(s),3,5,100% Remoto / en línea,Cansancio visual / exceso de pantalla,"Autodidactismo / tutoriales en línea, Manejo de plataformas en la nube",3,7 a 8 horas,5 o más días a la semana,5,Mérida Norte,30 a 60 minutos
UPY-2026-050,1/10/2026 18:40:18,Estudiante Sistemas Embebidos,Secundaria,Sí confirmado con prueba,Esquema completo con refuerzo(s),5,3,Modelo híbrido / mixto,"Distracciones y ruido en casa, Conexión a internet inestable / fallas eléctricas",Ninguna,4,5 a 6 horas,0 días / Sedentario,5,Mérida Poniente,Menos de 30 minutos
UPY-2026-052,1/10/2026 18:40:20,Estudiante Ing. en Datos,Preparatoria / Bachillerato,Sí confirmado con prueba,Esquema completo con refuerzo(s),5,3,Modelo híbrido / mixto,"Falta de computadora o equipo óptimo, Cansancio visual / exceso de pantalla","Manejo de plataformas en la nube, Programación / software especializado",4,5 a 6 horas,0 días / Sedentario,4,Mérida Sur,1 a 2 horas
UPY-2026-054,1/10/2026 18:40:21,Estudiante Ciberseguridad,Preparatoria / Bachillerato,Sí con síntomas evidentes sin prueba,Esquema completo con refuerzo(s),4,4,100% Presencial en laboratorio,Falta de computadora o equipo óptimo,Programación / software especializado,2,5 a 6 horas,3 a 4 días,4,Mérida Poniente,Menos de 30 minutos
UPY-2026-056,1/10/2026 18:40:23,Estudiante Ciberseguridad,Preparatoria / Bachillerato,No me contagié,Esquema completo con refuerzo(s),3,4,100% Presencial en laboratorio,"Distracciones y ruido en casa, Falta de computadora o equipo óptimo","Manejo de plataformas en la nube, Autodidactismo / tutoriales en línea",4,5 a 6 horas,3 a 4 días,3,Mérida Poniente,30 a 60 minutos
UPY-2026-058,1/10/2026 18:40:25,Estudiante Ing. en Datos,Secundaria,Sí con síntomas evidentes sin prueba,Esquema incompleto de 1 dosis,4,2,100% Presencial en laboratorio,"Conexión a internet inestable / fallas eléctricas, Distracciones y ruido en casa",Trabajo colaborativo en remoto,2,7 a 8 horas,0 días / Sedentario,3,Mérida Poniente,30 a 60 minutos
UPY-2026-060,1/10/2026 18:40:27,Estudiante Ing. en Datos,Universidad / Licenciatura,Sí confirmado con prueba,Esquema completo con refuerzo(s),3,2,Modelo híbrido / mixto,Conexión a internet inestable / fallas eléctricas,Manejo de plataformas en la nube,2,5 a 6 horas,0 días / Sedentario,5,Mérida Oriente,30 a 60 minutos
UPY-2026-062,1/10/2026 18:40:28,Estudiante Ing. en Datos,Secundaria,Sí con síntomas evidentes sin prueba,Esquema completo con refuerzo(s),3,4,Modelo híbrido / mixto,Falta de computadora o equipo óptimo,"Autodidactismo / tutoriales en línea, Programación / software especializado",5,5 a 6 horas,1 a 2 días,5,Municipio conurbado / Interior del estado,Más de 2 horas
UPY-2026-064,1/10/2026 18:40:30,Estudiante Sistemas Embebidos,Preparatoria / Bachillerato,Sí con síntomas evidentes sin prueba,Esquema completo con refuerzo(s),2,4,Modelo híbrido / mixto,Falta de computadora o equipo óptimo,"Autodidactismo / tutoriales en línea, Manejo de plataformas en la nube, Programación / software especializado",2,Menos de 5 horas,3 a 4 días,5,Mérida Poniente,30 a 60 minutos
UPY-2026-066,1/10/2026 18:40:31,Estudiante Ing. en Datos,Preparatoria / Bachillerato,Sí confirmado con prueba,Esquema completo con refuerzo(s),4,4,100% Presencial en laboratorio,Conexión a internet inestable / fallas eléctricas,"Manejo de plataformas en la nube, Programación / software especializado",4,5 a 6 horas,1 a 2 días,4,Mérida Poniente,Menos de 30 minutos
UPY-2026-068,1/10/2026 18:40:33,Estudiante Robótica,Preparatoria / Bachillerato,Sí con síntomas evidentes sin prueba,Esquema completo con refuerzo(s),5,2,Modelo híbrido / mixto,"Falta de computadora o equipo óptimo, Conexión a internet inestable / fallas eléctricas",Ninguna,4,7 a 8 horas,3 a 4 días,3,Mérida Poniente,30 a 60 minutos
UPY-2026-070,1/10/2026 18:40:35,Estudiante Ciberseguridad,Secundaria,No me contagié,Esquema completo con refuerzo(s),3,3,Modelo híbrido / mixto,Conexión a internet inestable / fallas eléctricas,"Programación / software especializado, Manejo de plataformas en la nube",4,5 a 6 horas,0 días / Sedentario,2,Mérida Poniente,Menos de 30 minutos
UPY-2026-072,1/10/2026 18:40:37,Estudiante Ing. en Datos,Universidad / Licenciatura,Sí confirmado con prueba,Esquema completo con refuerzo(s),4,4,100% Presencial en laboratorio,Cansancio visual / exceso de pantalla,"Programación / software especializado, Autodidactismo / tutoriales en línea",3,7 a 8 horas,0 días / Sedentario,2,Mérida Poniente,Menos de 30 minutos
UPY-2026-074,1/10/2026 18:40:38,Estudiante Ciberseguridad,Preparatoria / Bachillerato,Sí con síntomas evidentes sin prueba,Esquema completo sin refuerzo,2,3,100% Presencial en laboratorio,"Falta de computadora o equipo óptimo, Conexión a internet inestable / fallas eléctricas, Cansancio visual / exceso de pantalla","Programación / software especializado, Trabajo colaborativo en remoto",4,Más de 8 horas,3 a 4 días,4,Mérida Sur,30 a 60 minutos
UPY-2026-076,1/10/2026 18:40:40,Estudiante Ciberseguridad,Preparatoria / Bachillerato,Sí con síntomas evidentes sin prueba,Esquema completo con refuerzo(s),3,3,100% Presencial en laboratorio,Cansancio visual / exceso de pantalla,"Autodidactismo / tutoriales en línea, Trabajo colaborativo en remoto, Manejo de plataformas en la nube",3,7 a 8 horas,1 a 2 días,5,Mérida Poniente,Menos de 30 minutos
UPY-2026-078,1/10/2026 18:40:41,Estudiante Robótica,Preparatoria / Bachillerato,No estoy seguro / Asintomático,Esquema completo con refuerzo(s),4,3,100% Presencial en laboratorio,Conexión a internet inestable / fallas eléctricas,"Trabajo colaborativo en remoto, Programación / software especializado",4,7 a 8 horas,3 a 4 días,4,Mérida Norte,30 a 60 minutos
UPY-2026-080,1/10/2026 18:40:43,Estudiante Ciberseguridad,Preparatoria / Bachillerato,Sí confirmado con prueba,Esquema completo con refuerzo(s),2,4,100% Remoto / en línea,"Distracciones y ruido en casa, Conexión a internet inestable / fallas eléctricas","Programación / software especializado, Trabajo colaborativo en remoto",3,Menos de 5 horas,3 a 4 días,4,Mérida Oriente,Más de 2 horas
UPY-2026-082,1/10/2026 18:40:45,Estudiante Ing. en Datos,Universidad / Licenciatura,No me contagié,Esquema incompleto de 1 dosis,3,2,100% Presencial en laboratorio,Falta de computadora o equipo óptimo,"Programación / software especializado, Manejo de plataformas en la nube, Autodidactismo / tutoriales en línea",4,Menos de 5 horas,1 a 2 días,3,Mérida Poniente,30 a 60 minutos
UPY-2026-084,1/10/2026 18:40:46,Estudiante Ciberseguridad,Secundaria,Sí con síntomas evidentes sin prueba,Esquema completo con refuerzo(s),1,2,100% Presencial en laboratorio,Falta de computadora o equipo óptimo,"Programación / software especializado, Trabajo colaborativo en remoto",4,5 a 6 horas,0 días / Sedentario,2,Mérida Centro,30 a 60 minutos
UPY-2026-086,1/10/2026 18:40:47,Estudiante Ing. en Datos,Preparatoria / Bachillerato,Sí con síntomas evidentes sin prueba,Esquema completo sin refuerzo,4,5,100% Presencial en laboratorio,Cansancio visual / exceso de pantalla,"Programación / software especializado, Trabajo colaborativo en remoto, Manejo de plataformas en la nube",4,7 a 8 horas,3 a 4 días,2,Mérida Poniente,Menos de 30 minutos
UPY-2026-088,1/10/2026 18:40:49,Estudiante Ing. en Datos,Universidad / Licenciatura,Sí confirmado con prueba,Esquema completo con refuerzo(s),5,2,100% Presencial en laboratorio,"Distracciones y ruido en casa, Falta de computadora o equipo óptimo, Conexión a internet inestable / fallas eléctricas","Trabajo colaborativo en remoto, Programación / software especializado",4,5 a 6 horas,0 días / Sedentario,2,Mérida Poniente,30 a 60 minutos
UPY-2026-090,1/10/2026 18:40:51,Estudiante Ciberseguridad,Preparatoria / Bachillerato,Sí con síntomas evidentes sin prueba,Esquema completo con refuerzo(s),3,3,100% Presencial en laboratorio,Falta de computadora o equipo óptimo,Trabajo colaborativo en remoto,3,Menos de 5 horas,3 a 4 días,4,Mérida Poniente,30 a 60 minutos
UPY-2026-092,1/10/2026 18:40:52,Estudiante Ing. en Datos,Preparatoria / Bachillerato,Sí con síntomas evidentes sin prueba,Esquema completo con refuerzo(s),4,4,100% Presencial en laboratorio,Distracciones y ruido en casa,Autodidactismo / tutoriales en línea,3,5 a 6 horas,0 días / Sedentario,3,Mérida Poniente,Menos de 30 minutos
UPY-2026-094,1/10/2026 18:40:54,Estudiante Ing. en Datos,Preparatoria / Bachillerato,Sí confirmado con prueba,Esquema completo sin refuerzo,3,4,100% Presencial en laboratorio,Falta de computadora o equipo óptimo,Programación / software especializado,3,7 a 8 horas,3 a 4 días,4,Municipio conurbado / Interior del estado,30 a 60 minutos
UPY-2026-096,1/10/2026 18:40:56,Estudiante Robótica,Secundaria,Sí confirmado con prueba,Esquema completo con refuerzo(s),4,3,Modelo híbrido / mixto,Distracciones y ruido en casa,"Trabajo colaborativo en remoto, Autodidactismo / tutoriales en línea",5,7 a 8 horas,0 días / Sedentario,3,Mérida Poniente,Menos de 30 minutos
UPY-2026-098,1/10/2026 18:40:57,Estudiante Ing. en Datos,Secundaria,Sí confirmado con prueba,Esquema completo con refuerzo(s),3,4,100% Presencial en laboratorio,"Falta de computadora o equipo óptimo, Conexión a internet inestable / fallas eléctricas",Autodidactismo / tutoriales en línea,5,5 a 6 horas,3 a 4 días,3,Mérida Oriente,30 a 60 minutos
UPY-2026-100,1/10/2026 18:40:59,Estudiante Ciberseguridad,Preparatoria / Bachillerato,No me contagié,No vacunado,5,3,100% Presencial en laboratorio,Distracciones y ruido en casa,"Trabajo colaborativo en remoto, Autodidactismo / tutoriales en línea",3,7 a 8 horas,3 a 4 días,3,Mérida Oriente,1 a 2 horas
UPY-2026-102,1/10/2026 18:41:00,Estudiante Ing. en Datos,Universidad / Licenciatura,No estoy seguro / Asintomático,Esquema completo con refuerzo(s),4,3,Modelo híbrido / mixto,Conexión a internet inestable / fallas eléctricas,"Programación / software especializado, Trabajo colaborativo en remoto, Autodidactismo / tutoriales en línea",1,7 a 8 horas,1 a 2 días,5,Mérida Centro,30 a 60 minutos
UPY-2026-104,1/10/2026 18:41:02,Estudiante Ing. en Datos,Preparatoria / Bachillerato,Sí confirmado con prueba,Esquema completo con refuerzo(s),4,5,100% Presencial en laboratorio,Cansancio visual / exceso de pantalla,"Trabajo colaborativo en remoto, Autodidactismo / tutoriales en línea",5,Menos de 5 horas,1 a 2 días,5,Mérida Centro,30 a 60 minutos
UPY-2026-106,1/10/2026 18:41:03,Estudiante Sistemas Embebidos,Secundaria,No estoy seguro / Asintomático,Esquema completo con refuerzo(s),3,5,Modelo híbrido / mixto,"Falta de computadora o equipo óptimo, Distracciones y ruido en casa, Cansancio visual / exceso de pantalla","Programación / software especializado, Manejo de plataformas en la nube",5,5 a 6 horas,5 o más días a la semana,1,Mérida Sur,1 a 2 horas
UPY-2026-108,1/10/2026 18:41:05,Estudiante Ing. en Datos,Preparatoria / Bachillerato,No estoy seguro / Asintomático,Esquema completo con refuerzo(s),5,3,100% Presencial en laboratorio,Falta de computadora o equipo óptimo,"Trabajo colaborativo en remoto, Manejo de plataformas en la nube, Programación / software especializado",4,7 a 8 horas,5 o más días a la semana,4,Mérida Sur,30 a 60 minutos
UPY-2026-110,1/10/2026 18:41:07,Estudiante Ciberseguridad,Preparatoria / Bachillerato,Sí confirmado con prueba,Esquema completo con refuerzo(s),3,2,100% Presencial en laboratorio,Cansancio visual / exceso de pantalla,"Trabajo colaborativo en remoto, Manejo de plataformas en la nube",5,7 a 8 horas,1 a 2 días,5,Mérida Norte,30 a 60 minutos
UPY-2026-112,1/10/2026 18:41:09,Estudiante Ciberseguridad,Preparatoria / Bachillerato,Sí con síntomas evidentes sin prueba,Esquema completo con refuerzo(s),3,2,100% Presencial en laboratorio,"Conexión a internet inestable / fallas eléctricas, Falta de computadora o equipo óptimo",Autodidactismo / tutoriales en línea,5,5 a 6 horas,1 a 2 días,5,Mérida Sur,1 a 2 horas
UPY-2026-114,1/10/2026 18:41:10,Estudiante Ing. en Datos,Preparatoria / Bachillerato,Sí confirmado con prueba,Esquema completo con refuerzo(s),1,2,100% Presencial en laboratorio,"Cansancio visual / exceso de pantalla, Distracciones y ruido en casa","Autodidactismo / tutoriales en línea, Programación / software especializado",3,5 a 6 horas,3 a 4 días,4,Mérida Norte,30 a 60 minutos
UPY-2026-116,1/10/2026 18:41:12,Estudiante Ciberseguridad,Secundaria,No me contagié,Esquema completo con refuerzo(s),4,4,100% Presencial en laboratorio,"Distracciones y ruido en casa, Falta de computadora o equipo óptimo","Manejo de plataformas en la nube, Autodidactismo / tutoriales en línea",4,5 a 6 horas,1 a 2 días,3,Mérida Sur,1 a 2 horas
UPY-2026-118,1/10/2026 18:41:13,Estudiante Ing. en Datos,Preparatoria / Bachillerato,No me contagié,Esquema completo con refuerzo(s),2,3,100% Presencial en laboratorio,"Distracciones y ruido en casa, Falta de computadora o equipo óptimo","Autodidactismo / tutoriales en línea, Trabajo colaborativo en remoto",5,5 a 6 horas,1 a 2 días,3,Mérida Norte,30 a 60 minutos
UPY-2026-120,1/10/2026 18:41:14,Estudiante Ing. en Datos,Preparatoria / Bachillerato,Sí con síntomas evidentes sin prueba,No vacunado,4,3,100% Presencial en laboratorio,"Conexión a internet inestable / fallas eléctricas, Falta de computadora o equipo óptimo, Distracciones y ruido en casa",Trabajo colaborativo en remoto,3,5 a 6 horas,5 o más días a la semana,1,Mérida Oriente,1 a 2 horas
UPY-2026-122,1/10/2026 18:41:16,Estudiante Ciberseguridad,Preparatoria / Bachillerato,Sí con síntomas evidentes sin prueba,Esquema completo con refuerzo(s),5,3,100% Presencial en laboratorio,Falta de computadora o equipo óptimo,"Trabajo colaborativo en remoto, Programación / software especializado, Autodidactismo / tutoriales en línea",5,5 a 6 horas,1 a 2 días,2,Mérida Poniente,30 a 60 minutos
UPY-2026-124,1/10/2026 18:41:17,Estudiante Ing. en Datos,Secundaria,Sí con síntomas evidentes sin prueba,Esquema completo sin refuerzo,2,3,Modelo híbrido / mixto,Conexión a internet inestable / fallas eléctricas,Programación / software especializado,4,5 a 6 horas,1 a 2 días,5,Mérida Poniente,30 a 60 minutos
UPY-2026-126,1/10/2026 18:41:19,Estudiante Ciberseguridad,Preparatoria / Bachillerato,Sí confirmado con prueba,Esquema completo sin refuerzo,5,5,Modelo híbrido / mixto,"Cansancio visual / exceso de pantalla, Falta de computadora o equipo óptimo","Trabajo colaborativo en remoto, Autodidactismo / tutoriales en línea",5,5 a 6 horas,0 días / Sedentario,2,Mérida Poniente,30 a 60 minutos
UPY-2026-128,1/10/2026 18:41:20,Estudiante Ciberseguridad,Secundaria,Sí confirmado con prueba,Esquema completo con refuerzo(s),3,4,100% Presencial en laboratorio,"Falta de computadora o equipo óptimo, Distracciones y ruido en casa","Autodidactismo / tutoriales en línea, Manejo de plataformas en la nube, Programación / software especializado",5,Menos de 5 horas,1 a 2 días,5,Mérida Centro,30 a 60 minutos
UPY-2026-130,1/10/2026 18:41:22,Estudiante Ing. en Datos,Preparatoria / Bachillerato,Sí confirmado con prueba,Esquema completo sin refuerzo,4,4,100% Presencial en laboratorio,"Falta de computadora o equipo óptimo, Conexión a internet inestable / fallas eléctricas","Autodidactismo / tutoriales en línea, Programación / software especializado",3,5 a 6 horas,1 a 2 días,5,Mérida Poniente,30 a 60 minutos
UPY-2026-132,1/10/2026 18:41:23,Estudiante Ing. en Datos,Universidad / Licenciatura,Sí confirmado con prueba,Esquema completo con refuerzo(s),4,2,100% Presencial en laboratorio,Cansancio visual / exceso de pantalla,Autodidactismo / tutoriales en línea,5,Menos de 5 horas,3 a 4 días,5,Mérida Oriente,30 a 60 minutos
UPY-2026-134,1/10/2026 18:43:19,Estudiante Ciberseguridad,Preparatoria / Bachillerato,Sí confirmado con prueba,Esquema completo con refuerzo(s),1,3,Modelo híbrido / mixto,"Cansancio visual / exceso de pantalla, Distracciones y ruido en casa",Programación / software especializado,4,5 a 6 horas,1 a 2 días,4,Mérida Poniente,30 a 60 minutos
UPY-2026-136,1/10/2026 18:43:22,Estudiante Ing. en Datos,Preparatoria / Bachillerato,Sí confirmado con prueba,Esquema completo con refuerzo(s),3,4,100% Presencial en laboratorio,"Falta de computadora o equipo óptimo, Distracciones y ruido en casa",Programación / software especializado,4,Más de 8 horas,0 días / Sedentario,5,Mérida Oriente,1 a 2 horas
UPY-2026-138,1/10/2026 18:43:24,Estudiante Ciberseguridad,Preparatoria / Bachillerato,No me contagié,Esquema completo con refuerzo(s),3,1,Modelo híbrido / mixto,Falta de computadora o equipo óptimo,Programación / software especializado,4,7 a 8 horas,3 a 4 días,5,Mérida Poniente,Menos de 30 minutos
UPY-2026-140,1/10/2026 18:43:26,Estudiante Ing. en Datos,Preparatoria / Bachillerato,Sí confirmado con prueba,Esquema completo sin refuerzo,3,4,100% Presencial en laboratorio,Conexión a internet inestable / fallas eléctricas,Programación / software especializado,4,5 a 6 horas,3 a 4 días,3,Mérida Norte,30 a 60 minutos
UPY-2026-142,1/10/2026 18:43:28,Estudiante Ciberseguridad,Secundaria,Sí confirmado con prueba,Esquema completo sin refuerzo,5,3,100% Presencial en laboratorio,Falta de computadora o equipo óptimo,Trabajo colaborativo en remoto,3,7 a 8 horas,3 a 4 días,4,Mérida Poniente,30 a 60 minutos
UPY-2026-144,1/10/2026 18:43:30,Estudiante Sistemas Embebidos,Secundaria,Sí confirmado con prueba,Esquema completo sin refuerzo,2,1,Modelo híbrido / mixto,"Distracciones y ruido en casa, Cansancio visual / exceso de pantalla, Conexión a internet inestable / fallas eléctricas",Manejo de plataformas en la nube,5,5 a 6 horas,3 a 4 días,5,Mérida Poniente,Menos de 30 minutos
UPY-2026-146,1/10/2026 18:43:32,Estudiante Ing. en Datos,Secundaria,Sí con síntomas evidentes sin prueba,Esquema completo con refuerzo(s),4,2,Modelo híbrido / mixto,"Conexión a internet inestable / fallas eléctricas, Falta de computadora o equipo óptimo, Cansancio visual / exceso de pantalla","Programación / software especializado, Manejo de plataformas en la nube, Trabajo colaborativo en remoto",3,5 a 6 horas,1 a 2 días,4,Mérida Norte,1 a 2 horas
UPY-2026-148,1/10/2026 18:43:34,Estudiante Sistemas Embebidos,Preparatoria / Bachillerato,Sí con síntomas evidentes sin prueba,Esquema completo sin refuerzo,4,3,Modelo híbrido / mixto,"Cansancio visual / exceso de pantalla, Conexión a internet inestable / fallas eléctricas",Manejo de plataformas en la nube,5,5 a 6 horas,3 a 4 días,5,Mérida Oriente,1 a 2 horas
UPY-2026-150,1/10/2026 18:43:36,Estudiante Ing. en Datos,Preparatoria / Bachillerato,Sí confirmado con prueba,Esquema completo con refuerzo(s),4,2,Modelo híbrido / mixto,"Distracciones y ruido en casa, Falta de computadora o equipo óptimo","Trabajo colaborativo en remoto, Autodidactismo / tutoriales en línea, Manejo de plataformas en la nube",5,5 a 6 horas,0 días / Sedentario,2,Mérida Oriente,1 a 2 horas
UPY-2026-152,1/10/2026 18:43:38,Estudiante Robótica,Preparatoria / Bachillerato,Sí confirmado con prueba,Esquema completo con refuerzo(s),5,5,100% Presencial en laboratorio,Distracciones y ruido en casa,"Manejo de plataformas en la nube, Autodidactismo / tutoriales en línea",3,7 a 8 horas,0 días / Sedentario,4,Mérida Norte,30 a 60 minutos
UPY-2026-154,1/10/2026 18:43:40,Estudiante Ing. en Datos,Preparatoria / Bachillerato,Sí confirmado con prueba,Esquema completo con refuerzo(s),4,3,100% Presencial en laboratorio,"Cansancio visual / exceso de pantalla, Conexión a internet inestable / fallas eléctricas","Autodidactismo / tutoriales en línea, Programación / software especializado",5,5 a 6 horas,0 días / Sedentario,2,Mérida Norte,30 a 60 minutos
UPY-2026-156,1/10/2026 18:43:42,Estudiante Ciberseguridad,Universidad / Licenciatura,Sí con síntomas evidentes sin prueba,Esquema completo con refuerzo(s),3,4,Modelo híbrido / mixto,Distracciones y ruido en casa,Autodidactismo / tutoriales en línea,3,5 a 6 horas,3 a 4 días,2,Mérida Norte,1 a 2 horas
UPY-2026-158,1/10/2026 18:43:45,Estudiante Robótica,Preparatoria / Bachillerato,Sí confirmado con prueba,Esquema completo sin refuerzo,5,2,100% Presencial en laboratorio,"Falta de computadora o equipo óptimo, Conexión a internet inestable / fallas eléctricas",Trabajo colaborativo en remoto,3,Menos de 5 horas,3 a 4 días,4,Mérida Poniente,30 a 60 minutos
UPY-2026-160,1/10/2026 18:43:46,Estudiante Ing. en Datos,Preparatoria / Bachillerato,Sí confirmado con prueba,Esquema completo sin refuerzo,2,2,100% Presencial en laboratorio,Falta de computadora o equipo óptimo,Manejo de plataformas en la nube,4,7 a 8 horas,3 a 4 días,4,Mérida Poniente,30 a 60 minutos
UPY-2026-162,1/10/2026 18:43:48,Estudiante Ing. en Datos,Preparatoria / Bachillerato,No me contagié,Esquema completo con refuerzo(s),2,4,100% Presencial en laboratorio,"Distracciones y ruido en casa, Cansancio visual / exceso de pantalla","Programación / software especializado, Manejo de plataformas en la nube, Autodidactismo / tutoriales en línea",4,5 a 6 horas,5 o más días a la semana,5,Mérida Norte,1 a 2 horas
UPY-2026-164,1/10/2026 18:43:50,Estudiante Ciberseguridad,Universidad / Licenciatura,Sí con síntomas evidentes sin prueba,Esquema completo con refuerzo(s),4,3,100% Presencial en laboratorio,"Cansancio visual / exceso de pantalla, Distracciones y ruido en casa","Programación / software especializado, Autodidactismo / tutoriales en línea, Trabajo colaborativo en remoto",4,Menos de 5 horas,0 días / Sedentario,4,Mérida Oriente,30 a 60 minutos
UPY-2026-166,1/10/2026 18:43:52,Estudiante Ciberseguridad,Universidad / Licenciatura,Sí confirmado con prueba,Esquema completo con refuerzo(s),4,3,100% Presencial en laboratorio,Cansancio visual / exceso de pantalla,Autodidactismo / tutoriales en línea,4,5 a 6 horas,0 días / Sedentario,3,Mérida Poniente,Menos de 30 minutos
UPY-2026-168,1/10/2026 18:43:54,Estudiante Ing. en Datos,Preparatoria / Bachillerato,No me contagié,Esquema completo sin refuerzo,3,2,Modelo híbrido / mixto,Falta de computadora o equipo óptimo,"Manejo de plataformas en la nube, Autodidactismo / tutoriales en línea",3,5 a 6 horas,0 días / Sedentario,3,Mérida Poniente,Menos de 30 minutos
UPY-2026-170,1/10/2026 18:43:57,Estudiante Ciberseguridad,Preparatoria / Bachillerato,Sí confirmado con prueba,Esquema completo sin refuerzo,3,5,100% Presencial en laboratorio,Falta de computadora o equipo óptimo,"Programación / software especializado, Autodidactismo / tutoriales en línea",4,5 a 6 horas,3 a 4 días,1,Mérida Oriente,1 a 2 horas
UPY-2026-172,1/10/2026 18:43:59,Estudiante Sistemas Embebidos,Secundaria,Sí confirmado con prueba,Esquema completo con refuerzo(s),5,2,Modelo híbrido / mixto,Falta de computadora o equipo óptimo,"Trabajo colaborativo en remoto, Manejo de plataformas en la nube",4,Más de 8 horas,1 a 2 días,2,Mérida Sur,30 a 60 minutos
UPY-2026-174,1/10/2026 18:44:01,Estudiante Ing. en Datos,Secundaria,Sí con síntomas evidentes sin prueba,Esquema completo con refuerzo(s),4,1,100% Presencial en laboratorio,"Falta de computadora o equipo óptimo, Distracciones y ruido en casa, Cansancio visual / exceso de pantalla","Programación / software especializado, Trabajo colaborativo en remoto",2,7 a 8 horas,1 a 2 días,2,Mérida Centro,30 a 60 minutos
UPY-2026-176,1/10/2026 18:44:02,Estudiante Sistemas Embebidos,Preparatoria / Bachillerato,Sí confirmado con prueba,Esquema completo con refuerzo(s),3,2,Modelo híbrido / mixto,"Cansancio visual / exceso de pantalla, Conexión a internet inestable / fallas eléctricas","Autodidactismo / tutoriales en línea, Manejo de plataformas en la nube",5,5 a 6 horas,3 a 4 días,5,Mérida Sur,30 a 60 minutos
UPY-2026-178,1/10/2026 18:44:04,Estudiante Ciberseguridad,Preparatoria / Bachillerato,No estoy seguro / Asintomático,Esquema completo sin refuerzo,3,3,Modelo híbrido / mixto,"Cansancio visual / exceso de pantalla, Distracciones y ruido en casa",Autodidactismo / tutoriales en línea,3,Menos de 5 horas,1 a 2 días,4,Mérida Poniente,Menos de 30 minutos
UPY-2026-180,1/10/2026 18:44:06,Estudiante Robótica,Preparatoria / Bachillerato,Sí confirmado con prueba,Esquema completo sin refuerzo,3,3,100% Presencial en laboratorio,"Cansancio visual / exceso de pantalla, Falta de computadora o equipo óptimo","Manejo de plataformas en la nube, Autodidactismo / tutoriales en línea",2,5 a 6 horas,0 días / Sedentario,4,Mérida Poniente,Menos de 30 minutos
UPY-2026-182,1/10/2026 18:44:08,Estudiante Ing. en Datos,Secundaria,Sí con síntomas evidentes sin prueba,Esquema completo con refuerzo(s),3,2,Modelo híbrido / mixto,Conexión a internet inestable / fallas eléctricas,"Programación / software especializado, Autodidactismo / tutoriales en línea",4,5 a 6 horas,3 a 4 días,4,Mérida Centro,1 a 2 horas
UPY-2026-184,1/10/2026 18:44:11,Estudiante Ciberseguridad,Preparatoria / Bachillerato,No me contagié,Esquema completo con refuerzo(s),2,1,100% Presencial en laboratorio,"Conexión a internet inestable / fallas eléctricas, Falta de computadora o equipo óptimo","Trabajo colaborativo en remoto, Manejo de plataformas en la nube, Autodidactismo / tutoriales en línea",3,Menos de 5 horas,0 días / Sedentario,4,Mérida Poniente,Menos de 30 minutos
UPY-2026-186,1/10/2026 18:44:13,Estudiante Ing. en Datos,Preparatoria / Bachillerato,Sí confirmado con prueba,Esquema completo con refuerzo(s),3,2,100% Remoto / en línea,Falta de computadora o equipo óptimo,Ninguna,4,5 a 6 horas,1 a 2 días,4,Mérida Poniente,Menos de 30 minutos
UPY-2026-188,1/10/2026 18:44:16,Estudiante Ing. en Datos,Preparatoria / Bachillerato,Sí confirmado con prueba,Esquema incompleto de 1 dosis,1,5,Modelo híbrido / mixto,"Conexión a internet inestable / fallas eléctricas, Cansancio visual / exceso de pantalla, Distracciones y ruido en casa","Programación / software especializado, Trabajo colaborativo en remoto, Manejo de plataformas en la nube",5,7 a 8 horas,1 a 2 días,2,Mérida Norte,1 a 2 horas
UPY-2026-190,1/10/2026 18:44:18,Estudiante Ing. en Datos,Secundaria,No estoy seguro / Asintomático,Esquema completo sin refuerzo,3,1,100% Presencial en laboratorio,"Distracciones y ruido en casa, Conexión a internet inestable / fallas eléctricas",Trabajo colaborativo en remoto,5,7 a 8 horas,0 días / Sedentario,3,Mérida Centro,30 a 60 minutos
UPY-2026-192,1/10/2026 18:44:20,Estudiante Robótica,Preparatoria / Bachillerato,Sí con síntomas evidentes sin prueba,Esquema completo con refuerzo(s),4,4,100% Presencial en laboratorio,"Conexión a internet inestable / fallas eléctricas, Cansancio visual / exceso de pantalla, Distracciones y ruido en casa",Trabajo colaborativo en remoto,4,5 a 6 horas,0 días / Sedentario,1,Mérida Poniente,Menos de 30 minutos
UPY-2026-194,1/10/2026 18:44:22,Estudiante Ing. en Datos,Preparatoria / Bachillerato,Sí confirmado con prueba,Esquema completo con refuerzo(s),4,3,Modelo híbrido / mixto,"Conexión a internet inestable / fallas eléctricas, Falta de computadora o equipo óptimo","Trabajo colaborativo en remoto, Programación / software especializado",3,5 a 6 horas,1 a 2 días,5,Mérida Oriente,1 a 2 horas
UPY-2026-196,1/10/2026 18:44:24,Estudiante Ciberseguridad,Preparatoria / Bachillerato,Sí confirmado con prueba,Esquema completo con refuerzo(s),2,1,100% Presencial en laboratorio,Distracciones y ruido en casa,Trabajo colaborativo en remoto,4,5 a 6 horas,1 a 2 días,4,Mérida Oriente,1 a 2 horas
UPY-2026-198,1/10/2026 18:44:27,Estudiante Sistemas Embebidos,Secundaria,Sí con síntomas evidentes sin prueba,Esquema completo con refuerzo(s),3,4,100% Presencial en laboratorio,Falta de computadora o equipo óptimo,Trabajo colaborativo en remoto,3,7 a 8 horas,1 a 2 días,4,Mérida Oriente,1 a 2 horas
UPY-2026-200,1/10/2026 18:44:29,Estudiante Sistemas Embebidos,Universidad / Licenciatura,Sí con síntomas evidentes sin prueba,Esquema completo sin refuerzo,2,4,100% Presencial en laboratorio,Distracciones y ruido en casa,"Manejo de plataformas en la nube, Trabajo colaborativo en remoto, Programación / software especializado",5,Menos de 5 horas,1 a 2 días,4,Mérida Norte,30 a 60 minutos
UPY-2026-202,1/10/2026 18:44:31,Estudiante Ing. en Datos,Preparatoria / Bachillerato,Sí confirmado con prueba,Esquema completo con refuerzo(s),5,3,100% Presencial en laboratorio,"Falta de computadora o equipo óptimo, Cansancio visual / exceso de pantalla, Distracciones y ruido en casa","Autodidactismo / tutoriales en línea, Manejo de plataformas en la nube, Trabajo colaborativo en remoto",5,5 a 6 horas,0 días / Sedentario,3,Municipio conurbado / Interior del estado,1 a 2 horas
UPY-2026-204,1/10/2026 18:44:33,Estudiante Sistemas Embebidos,Preparatoria / Bachillerato,Sí con síntomas evidentes sin prueba,Esquema completo con refuerzo(s),3,2,Modelo híbrido / mixto,"Conexión a internet inestable / fallas eléctricas, Cansancio visual / exceso de pantalla","Trabajo colaborativo en remoto, Autodidactismo / tutoriales en línea, Programación / software especializado",5,5 a 6 horas,0 días / Sedentario,4,Mérida Poniente,Menos de 30 minutos
UPY-2026-206,1/10/2026 18:44:35,Estudiante Ing. en Datos,Preparatoria / Bachillerato,Sí confirmado con prueba,Esquema completo con refuerzo(s),4,3,100% Presencial en laboratorio,Falta de computadora o equipo óptimo,"Programación / software especializado, Autodidactismo / tutoriales en línea",1,Menos de 5 horas,1 a 2 días,5,Mérida Oriente,30 a 60 minutos
UPY-2026-208,1/10/2026 18:44:37,Estudiante Ciberseguridad,Preparatoria / Bachillerato,Sí con síntomas evidentes sin prueba,Esquema completo con refuerzo(s),3,2,100% Presencial en laboratorio,"Falta de computadora o equipo óptimo, Conexión a internet inestable / fallas eléctricas, Distracciones y ruido en casa",Trabajo colaborativo en remoto,4,Más de 8 horas,0 días / Sedentario,1,Mérida Centro,30 a 60 minutos
UPY-2026-210,1/10/2026 18:44:40,Estudiante Ciberseguridad,Secundaria,Sí confirmado con prueba,Esquema completo sin refuerzo,5,3,100% Presencial en laboratorio,"Conexión a internet inestable / fallas eléctricas, Cansancio visual / exceso de pantalla","Trabajo colaborativo en remoto, Manejo de plataformas en la nube",4,Más de 8 horas,0 días / Sedentario,3,Mérida Norte,1 a 2 horas
UPY-2026-212,1/10/2026 18:44:41,Estudiante Ing. en Datos,Preparatoria / Bachillerato,No estoy seguro / Asintomático,Esquema completo con refuerzo(s),2,4,100% Presencial en laboratorio,"Distracciones y ruido en casa, Falta de computadora o equipo óptimo",Trabajo colaborativo en remoto,4,5 a 6 horas,3 a 4 días,5,Mérida Norte,1 a 2 horas
UPY-2026-214,1/10/2026 18:44:43,Estudiante Ing. en Datos,Preparatoria / Bachillerato,No me contagié,Esquema completo con refuerzo(s),5,4,100% Presencial en laboratorio,Conexión a internet inestable / fallas eléctricas,"Programación / software especializado, Manejo de plataformas en la nube",4,5 a 6 horas,3 a 4 días,3,Mérida Poniente,Menos de 30 minutos
UPY-2026-216,1/10/2026 18:44:45,Estudiante Ing. en Datos,Secundaria,Sí confirmado con prueba,Esquema completo con refuerzo(s),4,4,100% Presencial en laboratorio,"Falta de computadora o equipo óptimo, Distracciones y ruido en casa",Programación / software especializado,4,5 a 6 horas,0 días / Sedentario,2,Mérida Oriente,1 a 2 horas
UPY-2026-218,1/10/2026 18:44:47,Estudiante Ing. en Datos,Secundaria,Sí confirmado con prueba,Esquema completo con refuerzo(s),4,1,100% Presencial en laboratorio,"Falta de computadora o equipo óptimo, Distracciones y ruido en casa","Autodidactismo / tutoriales en línea, Manejo de plataformas en la nube, Programación / software especializado",3,7 a 8 horas,1 a 2 días,2,Mérida Oriente,1 a 2 horas
UPY-2026-220,1/10/2026 18:44:49,Estudiante Robótica,Preparatoria / Bachillerato,Sí confirmado con prueba,Esquema completo con refuerzo(s),3,1,Modelo híbrido / mixto,"Cansancio visual / exceso de pantalla, Distracciones y ruido en casa","Programación / software especializado, Manejo de plataformas en la nube",4,7 a 8 horas,1 a 2 días,3,Mérida Norte,30 a 60 minutos
UPY-2026-222,1/10/2026 18:44:51,Estudiante Sistemas Embebidos,Secundaria,Sí confirmado con prueba,Esquema completo con refuerzo(s),3,3,100% Presencial en laboratorio,Cansancio visual / exceso de pantalla,Autodidactismo / tutoriales en línea,2,Menos de 5 horas,0 días / Sedentario,5,Mérida Norte,30 a 60 minutos
UPY-2026-224,1/10/2026 18:44:53,Estudiante Ing. en Datos,Preparatoria / Bachillerato,Sí con síntomas evidentes sin prueba,Esquema completo sin refuerzo,3,3,100% Presencial en laboratorio,"Cansancio visual / exceso de pantalla, Conexión a internet inestable / fallas eléctricas, Distracciones y ruido en casa","Manejo de plataformas en la nube, Programación / software especializado",4,5 a 6 horas,1 a 2 días,2,Mérida Centro,30 a 60 minutos
UPY-2026-226,1/10/2026 18:44:55,Estudiante Ciberseguridad,Preparatoria / Bachillerato,Sí con síntomas evidentes sin prueba,Esquema completo sin refuerzo,3,2,100% Presencial en laboratorio,Conexión a internet inestable / fallas eléctricas,Manejo de plataformas en la nube,3,Más de 8 horas,1 a 2 días,3,Mérida Norte,30 a 60 minutos
UPY-2026-228,1/10/2026 18:44:57,Estudiante Ing. en Datos,Preparatoria / Bachillerato,No estoy seguro / Asintomático,Esquema completo con refuerzo(s),4,3,Modelo híbrido / mixto,Cansancio visual / exceso de pantalla,Trabajo colaborativo en remoto,4,7 a 8 horas,1 a 2 días,1,Mérida Poniente,30 a 60 minutos
UPY-2026-230,1/10/2026 18:44:59,Estudiante Robótica,Universidad / Licenciatura,Sí con síntomas evidentes sin prueba,Esquema completo con refuerzo(s),3,1,100% Remoto / en línea,Falta de computadora o equipo óptimo,"Autodidactismo / tutoriales en línea, Trabajo colaborativo en remoto",4,5 a 6 horas,0 días / Sedentario,4,Municipio conurbado / Interior del estado,1 a 2 horas
UPY-2026-232,1/10/2026 18:45:02,Estudiante Ing. en Datos,Preparatoria / Bachillerato,No me contagié,Esquema completo con refuerzo(s),1,5,100% Remoto / en línea,Falta de computadora o equipo óptimo,"Trabajo colaborativo en remoto, Programación / software especializado",4,7 a 8 horas,3 a 4 días,2,Mérida Oriente,1 a 2 horas
UPY-2026-234,1/10/2026 18:45:04,Estudiante Ciberseguridad,Preparatoria / Bachillerato,Sí confirmado con prueba,Esquema completo con refuerzo(s),3,3,100% Presencial en laboratorio,"Conexión a internet inestable / fallas eléctricas, Distracciones y ruido en casa",Manejo de plataformas en la nube,4,5 a 6 horas,1 a 2 días,5,Mérida Norte,30 a 60 minutos
UPY-2026-236,1/10/2026 18:45:05,Estudiante Ing. en Datos,Universidad / Licenciatura,Sí con síntomas evidentes sin prueba,Esquema completo sin refuerzo,4,2,100% Presencial en laboratorio,"Distracciones y ruido en casa, Cansancio visual / exceso de pantalla","Manejo de plataformas en la nube, Autodidactismo / tutoriales en línea, Programación / software especializado",3,5 a 6 horas,0 días / Sedentario,3,Mérida Poniente,Menos de 30 minutos
UPY-2026-238,1/10/2026 18:45:08,Estudiante Ing. en Datos,Preparatoria / Bachillerato,Sí con síntomas evidentes sin prueba,Esquema completo con refuerzo(s),4,2,100% Presencial en laboratorio,"Falta de computadora o equipo óptimo, Conexión a internet inestable / fallas eléctricas",Trabajo colaborativo en remoto,3,Menos de 5 horas,5 o más días a la semana,4,Mérida Norte,1 a 2 horas
UPY-2026-240,1/10/2026 18:45:10,Estudiante Ing. en Datos,Secundaria,No estoy seguro / Asintomático,Esquema completo con refuerzo(s),3,3,100% Presencial en laboratorio,Cansancio visual / exceso de pantalla,Trabajo colaborativo en remoto,5,7 a 8 horas,1 a 2 días,3,Municipio conurbado / Interior del estado,1 a 2 horas
UPY-2026-242,1/10/2026 18:45:13,Estudiante Ing. en Datos,Preparatoria / Bachillerato,Sí confirmado con prueba,Esquema completo con refuerzo(s),4,2,Modelo híbrido / mixto,"Conexión a internet inestable / fallas eléctricas, Cansancio visual / exceso de pantalla","Programación / software especializado, Autodidactismo / tutoriales en línea, Manejo de plataformas en la nube",5,7 a 8 horas,1 a 2 días,3,Mérida Norte,30 a 60 minutos
UPY-2026-244,1/10/2026 18:45:15,Estudiante Ciberseguridad,Ya laboraba,Sí confirmado con prueba,No vacunado,5,1,100% Presencial en laboratorio,Distracciones y ruido en casa,"Autodidactismo / tutoriales en línea, Manejo de plataformas en la nube",3,7 a 8 horas,0 días / Sedentario,2,Mérida Oriente,30 a 60 minutos
UPY-2026-246,1/10/2026 18:45:17,Estudiante Ing. en Datos,Preparatoria / Bachillerato,Sí confirmado con prueba,Esquema completo con refuerzo(s),5,5,100% Presencial en laboratorio,Cansancio visual / exceso de pantalla,Ninguna,3,7 a 8 horas,1 a 2 días,3,Mérida Norte,30 a 60 minutos
UPY-2026-248,1/10/2026 18:45:19,Estudiante Ing. en Datos,Preparatoria / Bachillerato,Sí confirmado con prueba,Esquema completo con refuerzo(s),3,1,100% Presencial en laboratorio,"Conexión a internet inestable / fallas eléctricas, Distracciones y ruido en casa","Programación / software especializado, Manejo de plataformas en la nube",4,5 a 6 horas,1 a 2 días,2,Mérida Oriente,1 a 2 horas
UPY-2026-250,1/10/2026 18:45:22,Estudiante Ciberseguridad,Preparatoria / Bachillerato,Sí confirmado con prueba,Esquema completo sin refuerzo,3,3,Modelo híbrido / mixto,Distracciones y ruido en casa,"Programación / software especializado, Manejo de plataformas en la nube",4,5 a 6 horas,1 a 2 días,2,Mérida Oriente,1 a 2 horas
UPY-2026-252,1/10/2026 18:45:23,Estudiante Ing. en Datos,Preparatoria / Bachillerato,Sí confirmado con prueba,Esquema completo con refuerzo(s),2,3,100% Presencial en laboratorio,"Cansancio visual / exceso de pantalla, Distracciones y ruido en casa",Ninguna,3,7 a 8 horas,3 a 4 días,4,Mérida Sur,1 a 2 horas
UPY-2026-254,1/10/2026 18:45:25,Estudiante Robótica,Secundaria,Sí confirmado con prueba,Esquema completo con refuerzo(s),3,5,100% Presencial en laboratorio,"Conexión a internet inestable / fallas eléctricas, Falta de computadora o equipo óptimo, Cansancio visual / exceso de pantalla",Autodidactismo / tutoriales en línea,3,5 a 6 horas,5 o más días a la semana,1,Mérida Poniente,Menos de 30 minutos
UPY-2026-256,1/10/2026 18:45:27,Estudiante Ciberseguridad,Preparatoria / Bachillerato,Sí confirmado con prueba,Esquema completo con refuerzo(s),4,3,Modelo híbrido / mixto,Falta de computadora o equipo óptimo,Programación / software especializado,3,5 a 6 horas,1 a 2 días,5,Mérida Centro,1 a 2 horas
UPY-2026-258,1/10/2026 18:45:29,Estudiante Ing. en Datos,Secundaria,No me contagié,Esquema completo con refuerzo(s),2,2,100% Presencial en laboratorio,"Conexión a internet inestable / fallas eléctricas, Distracciones y ruido en casa","Trabajo colaborativo en remoto, Programación / software especializado",3,5 a 6 horas,3 a 4 días,1,Mérida Norte,1 a 2 horas
UPY-2026-260,1/10/2026 18:45:31,Estudiante Robótica,Preparatoria / Bachillerato,Sí con síntomas evidentes sin prueba,Esquema completo con refuerzo(s),2,2,100% Presencial en laboratorio,Cansancio visual / exceso de pantalla,"Manejo de plataformas en la nube, Programación / software especializado",5,7 a 8 horas,1 a 2 días,4,Mérida Poniente,Menos de 30 minutos
UPY-2026-262,1/10/2026 18:45:33,Estudiante Ciberseguridad,Secundaria,Sí confirmado con prueba,Esquema completo sin refuerzo,3,4,Modelo híbrido / mixto,"Cansancio visual / exceso de pantalla, Conexión a internet inestable / fallas eléctricas",Ninguna,3,5 a 6 horas,0 días / Sedentario,4,Mérida Centro,30 a 60 minutos
UPY-2026-264,1/10/2026 18:45:36,Estudiante Sistemas Embebidos,Secundaria,Sí confirmado con prueba,Esquema completo sin refuerzo,2,4,Modelo híbrido / mixto,Falta de computadora o equipo óptimo,Autodidactismo / tutoriales en línea,1,5 a 6 horas,0 días / Sedentario,3,Mérida Poniente,Menos de 30 minutos
UPY-2026-266,1/10/2026 18:45:39,Estudiante Ciberseguridad,Universidad / Licenciatura,Sí con síntomas evidentes sin prueba,Esquema completo con refuerzo(s),3,4,100% Presencial en laboratorio,Cansancio visual / exceso de pantalla,"Programación / software especializado, Manejo de plataformas en la nube",4,7 a 8 horas,0 días / Sedentario,5,Mérida Poniente,30 a 60 minutos
UPY-2026-268,1/10/2026 18:45:41,Estudiante Ing. en Datos,Preparatoria / Bachillerato,Sí con síntomas evidentes sin prueba,Esquema completo con refuerzo(s),4,4,100% Presencial en laboratorio,"Cansancio visual / exceso de pantalla, Distracciones y ruido en casa",Trabajo colaborativo en remoto,4,7 a 8 horas,1 a 2 días,4,Mérida Poniente,Menos de 30 minutos
UPY-2026-270,1/10/2026 18:45:44,Estudiante Ing. en Datos,Preparatoria / Bachillerato,Sí confirmado con prueba,Esquema completo con refuerzo(s),4,3,100% Presencial en laboratorio,"Conexión a internet inestable / fallas eléctricas, Cansancio visual / exceso de pantalla","Manejo de plataformas en la nube, Programación / software especializado",5,7 a 8 horas,0 días / Sedentario,2,Mérida Norte,30 a 60 minutos
UPY-2026-272,1/10/2026 18:45:46,Estudiante Sistemas Embebidos,Preparatoria / Bachillerato,Sí confirmado con prueba,Esquema completo con refuerzo(s),4,1,Modelo híbrido / mixto,Cansancio visual / exceso de pantalla,"Trabajo colaborativo en remoto, Autodidactismo / tutoriales en línea",4,7 a 8 horas,1 a 2 días,3,Mérida Sur,30 a 60 minutos
UPY-2026-274,1/10/2026 18:45:49,Estudiante Ing. en Datos,Preparatoria / Bachillerato,No me contagié,Esquema incompleto de 1 dosis,4,1,Modelo híbrido / mixto,"Cansancio visual / exceso de pantalla, Falta de computadora o equipo óptimo, Distracciones y ruido en casa",Programación / software especializado,2,5 a 6 horas,1 a 2 días,2,Mérida Centro,30 a 60 minutos
UPY-2026-276,1/10/2026 18:45:51,Estudiante Ing. en Datos,Universidad / Licenciatura,Sí con síntomas evidentes sin prueba,Esquema completo con refuerzo(s),4,3,100% Presencial en laboratorio,"Falta de computadora o equipo óptimo, Conexión a internet inestable / fallas eléctricas",Autodidactismo / tutoriales en línea,3,5 a 6 horas,1 a 2 días,4,Mérida Norte,1 a 2 horas
UPY-2026-278,1/10/2026 18:45:53,Estudiante Ing. en Datos,Secundaria,No me contagié,Esquema completo con refuerzo(s),1,4,Modelo híbrido / mixto,"Distracciones y ruido en casa, Falta de computadora o equipo óptimo","Trabajo colaborativo en remoto, Programación / software especializado, Manejo de plataformas en la nube",4,5 a 6 horas,1 a 2 días,2,Mérida Oriente,1 a 2 horas
UPY-2026-280,1/10/2026 18:45:55,Estudiante Ing. en Datos,Ya laboraba,Sí confirmado con prueba,Esquema completo sin refuerzo,4,2,Modelo híbrido / mixto,Conexión a internet inestable / fallas eléctricas,"Programación / software especializado, Trabajo colaborativo en remoto",1,5 a 6 horas,0 días / Sedentario,4,Mérida Norte,1 a 2 horas
UPY-2026-282,1/10/2026 18:45:56,Estudiante Ciberseguridad,Preparatoria / Bachillerato,Sí confirmado con prueba,Esquema completo con refuerzo(s),4,2,Modelo híbrido / mixto,"Conexión a internet inestable / fallas eléctricas, Distracciones y ruido en casa","Autodidactismo / tutoriales en línea, Programación / software especializado, Manejo de plataformas en la nube",2,7 a 8 horas,1 a 2 días,2,Mérida Oriente,1 a 2 horas
UPY-2026-284,1/10/2026 18:45:58,Estudiante Ing. en Datos,Preparatoria / Bachillerato,Sí confirmado con prueba,Esquema completo con refuerzo(s),2,4,100% Presencial en laboratorio,"Conexión a internet inestable / fallas eléctricas, Cansancio visual / exceso de pantalla",Trabajo colaborativo en remoto,3,7 a 8 horas,1 a 2 días,3,Mérida Centro,30 a 60 minutos
UPY-2026-286,1/10/2026 18:46:00,Estudiante Ciberseguridad,Preparatoria / Bachillerato,No estoy seguro / Asintomático,Esquema completo con refuerzo(s),4,1,100% Presencial en laboratorio,"Cansancio visual / exceso de pantalla, Falta de computadora o equipo óptimo",Autodidactismo / tutoriales en línea,5,5 a 6 horas,0 días / Sedentario,4,Mérida Poniente,30 a 60 minutos
UPY-2026-288,1/10/2026 18:46:02,Estudiante Ing. en Datos,Preparatoria / Bachillerato,No me contagié,Esquema completo con refuerzo(s),2,3,100% Presencial en laboratorio,"Conexión a internet inestable / fallas eléctricas, Distracciones y ruido en casa","Programación / software especializado, Trabajo colaborativo en remoto",4,5 a 6 horas,1 a 2 días,4,Mérida Oriente,Más de 2 horas
UPY-2026-290,1/10/2026 18:46:05,Estudiante Ciberseguridad,Preparatoria / Bachillerato,Sí confirmado con prueba,Esquema completo con refuerzo(s),4,3,100% Presencial en laboratorio,"Conexión a internet inestable / fallas eléctricas, Distracciones y ruido en casa","Autodidactismo / tutoriales en línea, Trabajo colaborativo en remoto",3,7 a 8 horas,1 a 2 días,5,Mérida Oriente,30 a 60 minutos
UPY-2026-292,1/10/2026 18:46:07,Estudiante Ciberseguridad,Universidad / Licenciatura,Sí con síntomas evidentes sin prueba,Esquema completo con refuerzo(s),1,5,100% Presencial en laboratorio,Cansancio visual / exceso de pantalla,"Autodidactismo / tutoriales en línea, Manejo de plataformas en la nube",5,5 a 6 horas,1 a 2 días,4,Mérida Norte,30 a 60 minutos
UPY-2026-294,1/10/2026 18:46:09,Estudiante Ing. en Datos,Preparatoria / Bachillerato,Sí con síntomas evidentes sin prueba,Esquema completo con refuerzo(s),4,4,Modelo híbrido / mixto,Distracciones y ruido en casa,Autodidactismo / tutoriales en línea,3,5 a 6 horas,0 días / Sedentario,4,Mérida Poniente,Menos de 30 minutos
UPY-2026-296,1/10/2026 18:46:11,Estudiante Ciberseguridad,Universidad / Licenciatura,Sí confirmado con prueba,Esquema completo con refuerzo(s),4,4,100% Presencial en laboratorio,"Distracciones y ruido en casa, Falta de computadora o equipo óptimo, Cansancio visual / exceso de pantalla",Trabajo colaborativo en remoto,4,Menos de 5 horas,1 a 2 días,5,Mérida Centro,30 a 60 minutos
UPY-2026-298,1/10/2026 18:46:14,Estudiante Ing. en Datos,Preparatoria / Bachillerato,Sí confirmado con prueba,Esquema completo con refuerzo(s),3,2,Modelo híbrido / mixto,Cansancio visual / exceso de pantalla,"Autodidactismo / tutoriales en línea, Trabajo colaborativo en remoto, Programación / software especializado",5,5 a 6 horas,0 días / Sedentario,5,Mérida Poniente,Menos de 30 minutos
UPY-2026-300,1/10/2026 18:46:15,Estudiante Robótica,Secundaria,Sí confirmado con prueba,Esquema completo con refuerzo(s),2,4,100% Presencial en laboratorio,"Distracciones y ruido en casa, Falta de computadora o equipo óptimo",Ninguna,4,Menos de 5 horas,1 a 2 días,5,Mérida Poniente,30 a 60 minutos
UPY-2026-302,1/10/2026 18:46:17,Estudiante Robótica,Preparatoria / Bachillerato,Sí con síntomas evidentes sin prueba,Esquema completo con refuerzo(s),2,5,100% Presencial en laboratorio,"Falta de computadora o equipo óptimo, Distracciones y ruido en casa, Conexión a internet inestable / fallas eléctricas","Trabajo colaborativo en remoto, Autodidactismo / tutoriales en línea, Programación / software especializado",5,Menos de 5 horas,0 días / Sedentario,3,Mérida Poniente,Menos de 30 minutos
UPY-2026-304,1/10/2026 18:46:19,Estudiante Ciberseguridad,Secundaria,Sí con síntomas evidentes sin prueba,Esquema completo con refuerzo(s),4,3,100% Presencial en laboratorio,Falta de computadora o equipo óptimo,Autodidactismo / tutoriales en línea,5,5 a 6 horas,0 días / Sedentario,3,Mérida Oriente,1 a 2 horas
UPY-2026-306,1/10/2026 18:46:21,Estudiante Sistemas Embebidos,Preparatoria / Bachillerato,Sí con síntomas evidentes sin prueba,Esquema completo con refuerzo(s),3,1,100% Presencial en laboratorio,"Falta de computadora o equipo óptimo, Conexión a internet inestable / fallas eléctricas",Ninguna,4,Menos de 5 horas,1 a 2 días,4,Mérida Poniente,Menos de 30 minutos
UPY-2026-308,1/10/2026 18:46:24,Estudiante Ciberseguridad,Secundaria,No me contagié,Esquema completo con refuerzo(s),4,3,100% Presencial en laboratorio,Falta de computadora o equipo óptimo,"Programación / software especializado, Manejo de plataformas en la nube",3,Menos de 5 horas,0 días / Sedentario,5,Mérida Oriente,1 a 2 horas
UPY-2026-310,1/10/2026 18:46:26,Estudiante Ing. en Datos,Universidad / Licenciatura,Sí confirmado con prueba,Esquema completo con refuerzo(s),2,4,Modelo híbrido / mixto,"Falta de computadora o equipo óptimo, Conexión a internet inestable / fallas eléctricas","Trabajo colaborativo en remoto, Programación / software especializado, Manejo de plataformas en la nube",4,5 a 6 horas,0 días / Sedentario,4,Mérida Norte,30 a 60 minutos
UPY-2026-312,1/10/2026 18:46:29,Estudiante Ing. en Datos,Preparatoria / Bachillerato,Sí confirmado con prueba,Esquema completo con refuerzo(s),3,3,100% Presencial en laboratorio,"Conexión a internet inestable / fallas eléctricas, Falta de computadora o equipo óptimo","Manejo de plataformas en la nube, Autodidactismo / tutoriales en línea",3,5 a 6 horas,1 a 2 días,2,Mérida Poniente,Menos de 30 minutos
UPY-2026-314,1/10/2026 18:46:31,Estudiante Robótica,Preparatoria / Bachillerato,No me contagié,Esquema completo con refuerzo(s),4,1,100% Remoto / en línea,"Falta de computadora o equipo óptimo, Conexión a internet inestable / fallas eléctricas",Autodidactismo / tutoriales en línea,4,5 a 6 horas,1 a 2 días,3,Mérida Poniente,Menos de 30 minutos
UPY-2026-316,1/10/2026 18:46:33,Estudiante Ing. en Datos,Universidad / Licenciatura,No me contagié,Esquema completo con refuerzo(s),4,3,100% Remoto / en línea,"Cansancio visual / exceso de pantalla, Distracciones y ruido en casa",Autodidactismo / tutoriales en línea,3,5 a 6 horas,1 a 2 días,2,Mérida Centro,1 a 2 horas
UPY-2026-318,1/10/2026 18:46:35,Estudiante Ing. en Datos,Secundaria,Sí con síntomas evidentes sin prueba,Esquema completo sin refuerzo,4,3,100% Presencial en laboratorio,"Falta de computadora o equipo óptimo, Cansancio visual / exceso de pantalla, Conexión a internet inestable / fallas eléctricas","Trabajo colaborativo en remoto, Autodidactismo / tutoriales en línea, Manejo de plataformas en la nube",5,5 a 6 horas,1 a 2 días,4,Mérida Sur,1 a 2 horas
UPY-2026-320,1/10/2026 18:46:38,Estudiante Ciberseguridad,Preparatoria / Bachillerato,Sí confirmado con prueba,Esquema completo con refuerzo(s),4,5,100% Presencial en laboratorio,"Distracciones y ruido en casa, Falta de computadora o equipo óptimo",Autodidactismo / tutoriales en línea,4,7 a 8 horas,1 a 2 días,1,Municipio conurbado / Interior del estado,Más de 2 horas
UPY-2026-322,1/10/2026 18:46:39,Estudiante Ing. en Datos,Preparatoria / Bachillerato,No estoy seguro / Asintomático,Esquema completo con refuerzo(s),5,4,100% Presencial en laboratorio,Cansancio visual / exceso de pantalla,Autodidactismo / tutoriales en línea,3,Menos de 5 horas,1 a 2 días,4,Mérida Norte,30 a 60 minutos
UPY-2026-324,1/10/2026 18:46:42,Estudiante Ing. en Datos,Secundaria,Sí confirmado con prueba,Esquema completo sin refuerzo,2,1,Modelo híbrido / mixto,"Distracciones y ruido en casa, Falta de computadora o equipo óptimo","Trabajo colaborativo en remoto, Manejo de plataformas en la nube",4,Menos de 5 horas,1 a 2 días,5,Mérida Norte,30 a 60 minutos
UPY-2026-326,1/10/2026 18:46:44,Estudiante Ing. en Datos,Secundaria,Sí con síntomas evidentes sin prueba,Esquema completo con refuerzo(s),2,4,Modelo híbrido / mixto,Falta de computadora o equipo óptimo,"Trabajo colaborativo en remoto, Manejo de plataformas en la nube",3,Menos de 5 horas,3 a 4 días,4,Mérida Oriente,1 a 2 horas
UPY-2026-328,1/10/2026 18:46:46,Estudiante Ciberseguridad,Preparatoria / Bachillerato,Sí confirmado con prueba,Esquema completo con refuerzo(s),4,4,100% Presencial en laboratorio,"Conexión a internet inestable / fallas eléctricas, Distracciones y ruido en casa","Programación / software especializado, Manejo de plataformas en la nube, Trabajo colaborativo en remoto",4,5 a 6 horas,1 a 2 días,4,Mérida Centro,1 a 2 horas
UPY-2026-330,1/10/2026 18:46:48,Estudiante Ing. en Datos,Preparatoria / Bachillerato,Sí confirmado con prueba,Esquema completo con refuerzo(s),3,5,100% Presencial en laboratorio,Conexión a internet inestable / fallas eléctricas,Ninguna,4,7 a 8 horas,1 a 2 días,4,Mérida Centro,1 a 2 horas
UPY-2026-332,1/10/2026 18:46:50,Estudiante Ing. en Datos,Preparatoria / Bachillerato,Sí confirmado con prueba,Esquema completo sin refuerzo,2,4,100% Presencial en laboratorio,"Conexión a internet inestable / fallas eléctricas, Distracciones y ruido en casa","Manejo de plataformas en la nube, Trabajo colaborativo en remoto",5,5 a 6 horas,3 a 4 días,3,Mérida Poniente,Menos de 30 minutos
